{
  "name": "firebase",
  "version": "1.0.19",
  "homepage": "https://firebase.com",
  "authors": [
    "Firebase <operations@firebase.com>"
  ],
  "description": "Firebase Web Client",
  "main": "firebase.js",
  "keywords": [
    "Firebase",
    "synchronization",
    "real-time",
    "websocket"
  ],
  "license": "MIT",
  "private": false,
  "ignore": [
    "**/.*",
    "node_modules",
    "bower_components",
    "test",
    "tests"
  ],
  "_release": "1.0.19",
  "_resolution": {
    "type": "version",
    "tag": "v1.0.19",
    "commit": "86ea9e429c3e57d8f0260f2ba8f22c08541a3843"
  },
  "_source": "git://github.com/firebase/firebase-bower.git",
  "_target": "1.0.x",
  "_originalSource": "firebase"
}