{
  "name": "ngCordova",
  "version": "0.1.4-alpha",
  "homepage": "http://ngCordova.com/",
  "authors": [
    "Max Lynch <max@drifty.com>",
    "Paolo Bernasconi <paolo.enrico.bernasconi@gmail.com>",
    "Chad Campbell <chad.campbell@ecofic.com>"
  ],
  "description": "AngularJS Cordova wrappers for common Cordova plugins.",
  "main": [
    "./dist/ng-cordova.js",
    "./dist/ng-cordova.min.js"
  ],
  "ignore": [
    "**/.*",
    "gulpfile.js",
    "test",
    "src",
    "config"
  ],
  "dependencies": {
    "angular": "1.2.0"
  },
  "keywords": [
    "ngCordova",
    "cordova",
    "phonegap",
    "angular",
    "angularjs",
    "ionic",
    "cordova plugin"
  ],
  "license": "MIT",
  "private": false,
  "_release": "0.1.4-alpha",
  "_resolution": {
    "type": "version",
    "tag": "v0.1.4-alpha",
    "commit": "c550dc552a26f63d51d4baccf39c27fe20fdaea9"
  },
  "_source": "git://github.com/driftyco/ng-cordova.git",
  "_target": "~0.1.4-alpha",
  "_originalSource": "ngCordova",
  "_direct": true
}